{"j2svJj8D0d40pg62u6u6wA==":"beaux-bateaux_logo-330x125.png","pYFOTd+Ol9RJavEEmSWUuw==":"20171201-162149-1222x687.jpg","kzNsquKFmDIQ/Z3itG+GmQ==":"20171201-170055-1222x687.jpg","iiyHGnZYveH7JPFY0MHcsw==":"20171201-160217-1222x687.jpg","VhdTlDh24HW0bwvPgeIBaQ==":"20171201-160141-641x361.jpg","r56kB4xmAxQRmi9ptjcH/g==":"christmas-2016-800x533.jpg","PZhJ5Jk2me3NBRF0R1xq+Q==":"image-2000x1333.jpg","sdW1Y7qskt0dAZUEl10Jig==":"20171201-161236-1300x731.jpg","97p785DOV0tk8KH/9uQFvw==":"kerst-de-bonte-wever-1920x1280.jpg"}